region,pv,wind_onshore,wind_offshore,year
DE11,4.306902086677368,558.3571428571429,706.5,2000
DE12,6.536978933213807,251.65217391304347,662.4782608695651,2000
DE13,9.274015748031495,128.59999999999997,427.4,2000
DE14,3.8792762227876727,166.88888888888889,327.66666666666663,2000
DE21,10.59498956158664,2676.6666666666665,887.0,2000
DE22,,,,2000
DE23,89.76923076923076,300.00000000000006,728.0,2000
DE24,2.6000000000000023,360.5,344.0,2000
DE25,2.8720104633781762,364.08333333333337,281.3333333333333,2000
DE26,77.6413043478261,42.80434782608696,1502.9999999999998,2000
DE27,19.958333333333336,76.46153846153847,644.8461538461539,2000
DE30,179.875,137.40625,3392.0,2000
DE40,201.15530303030303,123.75757575757574,3020.0,2000
DE50,25.015873015872998,92.55555555555556,680.0,2000
DE60,,,,2000
DE71,40.509803921568626,238.92156862745097,4160.999999999999,2000
DE72,12.533712428919577,49.314378554021125,1137.0,2000
DE73,2.230392156862745,448.00000000000006,920.0,2000
DE80,79.11111111111111,666.0,713.0,2000
DE91,39.80000000000009,97.99999999999986,2249.0,2000
DE92,25.847409909909913,97.99324324324321,2013.9999999999998,2000
DE93,19.836317135549873,590.8030690537084,2983.0,2000
DE94,26.961538461538453,461.0,3573.0,2000
DEA1,20.728260869565222,4079.4999999999995,1209.5,2000
DEA2,11.80357142857143,950.0625,1234.75,2000
DEA3,10.477011494252876,733.6666666666666,231.66666666666666,2000
DEA4,4.392880258899677,986.77928802589,310.2207119741099,2000
DEA5,9.244511278195489,557.9285714285713,399.28571428571433,2000
DEB1,9.761574074074078,65.8587962962963,996.0,2000
DEB2,1.8148148148148144,23.682098765432098,407.99999999999994,2000
DEB3,78.3050483351235,150.66165413533835,3137.0,2000
DEC0,8.914056224899598,47.97938420348059,959.0,2000
DED2,21.602739726027398,106.47619047619048,1564.0,2000
DED4,12.036697247706423,85.54545454545455,1365.0,2000
DED5,17.582278481012658,60.22943037974684,1479.0,2000
DEE0,32.368932038834956,589.4822006472492,4327.0,2000
DEF0,14.114285714285712,1399.3333333333335,3141.0,2000
DEG0,19.585106382978722,57.63484042553192,1825.0,2000
DE11,24.607182940516275,151.27272727272728,1167.5,2001
DE12,14.06846590909091,100.86363636363636,818.7840909090909,2001
DE13,13.609141791044777,125.62499999999999,422.6875,2001
DE14,21.93333333333333,523.3333333333334,1240.0,2001
DE21,77.17777777777778,122.05714285714285,3336.0,2001
DE22,8.246408839779006,562.2486187845304,110.50276243093921,2001
DE23,12.214814814814817,49.66666666666667,334.79999999999995,2001
DE24,2.075344279661017,79.50397245762713,209.24602754237287,2001
DE25,14.905885167464115,20.345454545454544,533.3236363636364,2001
DE26,15.57083333333334,21.2,409.96666666666664,2001
DE27,28.86842105263158,284.0,1334.0,2001
DE30,20.205128205128204,223.875,1058.0,2001
DE40,23.119707467282527,64.63067744418782,887.8333333333333,2001
DE50,14.724999999999998,75.46666666666667,203.6,2001
DE60,,,,2001
DE71,54.51282051282057,40.80882352941176,1219.3333333333333,2001
DE72,10.16687370600414,28.238095238095237,309.6666666666667,2001
DE73,16.752688172043015,23.666666666666668,400.3333333333333,2001
DE80,,,,2001
DE91,28.588404133180262,25.313432835820894,624.6119402985074,2001
DE92,34.705128205128204,22.192307692307693,669.0,2001
DE93,58.77777777777779,142.375,656.3333333333334,2001
DE94,71.46173469387757,161.06122448979596,972.3877551020407,2001
DEA1,43.9501708428246,469.62699316628704,2102.186503416857,2001
DEA2,118.600790513834,1090.0909090909092,1603.7272727272727,2001
DEA3,55.15773809523809,103.93750000000001,790.5,2001
DEA4,36.791414141414165,23.961111111111116,652.1666666666666,2001
DEA5,52.011342155009466,75.34782608695652,1103.0,2001
DEB1,23.743489583333332,73.77083333333334,427.83333333333337,2001
DEB2,21.57894736842105,7.369230769230769,399.0,2001
DEB3,24.027016520894076,194.45714285714286,827.5142857142857,2001
DEC0,45.608695652173914,47.74999999999999,1036.0,2001
DED2,124.8552631578947,16.157894736842106,489.4210526315789,2001
DED4,421.0,34.96153846153847,425.0,2001
DED5,278.8333333333333,70.33333333333334,418.99999999999994,2001
DEE0,34.96065573770492,183.29999999999998,1012.5,2001
DEF0,26.962566844919785,2484.0,2698.0,2001
DEG0,17.654517133956386,113.43333333333332,566.8333333333333,2001
DE11,12.160714285714247,212.57142857142875,806.142857142857,2002
DE12,4.899112271540471,132.72,443.23999999999995,2002
DE13,0.14075630252100785,485.7777777777777,256.3333333333333,2002
DE14,0.0,1435.0,695.0,2002
DE21,84.67071428571431,355.875,535.9642857142857,2002
DE22,49.92875,810.34,50.32,2002
DE23,,,,2002
DE24,5.805798435342846,169.02439024390245,162.85365853658536,2002
DE25,,,,2002
DE26,,,,2002
DE27,5.785063752276864,237.27777777777777,315.2222222222223,2002
DE30,,,,2002
DE40,11.673539518900341,1459.0,396.33333333333337,2002
DE50,,,,2002
DE60,,,,2002
DE71,,,,2002
DE72,2.453665283540804,1027.0,150.18257261410787,2002
DE73,,,,2002
DE80,9.11574074074074,1237.0,259.75,2002
DE91,,,,2002
DE92,,,,2002
DE93,,,,2002
DE94,,,,2002
DEA1,,,,2002
DEA2,97.21874999999999,810.25,1430.765625,2002
DEA3,,,,2002
DEA4,,,,2002
DEA5,,,,2002
DEB1,2.9419703103913637,247.54166666666669,222.83333333333331,2002
DEB2,0.7809330628803246,126.6,138.0,2002
DEB3,11.222668093454612,190.23809523809524,475.3412698412699,2002
DEC0,1.8127962085308058,286.79999999999995,315.0,2002
DED2,0.0,1730.0,1954.0,2002
DED4,74.40740740740739,444.2222222222221,190.33333333333334,2002
DED5,0.0,489.6666666666667,1108.3333333333333,2002
DEE0,0.0,4269.999999999999,4602.0,2002
DEF0,,,,2002
DEG0,0.0,1830.0,2039.0,2002
DE11,15.527210884353744,568.4999999999999,840.5,2003
DE12,32.36363636363649,231.99999999999986,722.0,2003
DE13,4.645854657113614,134.66069600818832,633.0,2003
DE14,5.0475352112676015,91.79612676056344,435.7038732394365,2003
DE21,14.707189014539578,322.9821284329563,1281.4035743134089,2003
DE22,502.49999999999994,489.49999999999994,443.0,2003
DE23,4.0208639435791955,268.6732295033794,195.26535409932416,2003
DE24,1.4083333333333334,74.625,300.5,2003
DE25,5.890538033395177,354.57142857142844,311.8571428571429,2003
DE26,9.979797979797977,16.660202020202018,460.01010101010104,2003
DE27,8.32962962962963,78.36,506.4,2003
DE30,8.666666666666675,1688.0,2438.0,2003
DE40,9.142857142857151,643.75,2175.0,2003
DE50,,,,2003
DE60,,,,2003
DE71,126.43160813308687,65.00184842883549,1096.5,2003
DE72,2.8211402623612516,25.28582240161453,356.5,2003
DE73,2.511363636363637,140.5,466.5,2003
DE80,2.0833333333333353,568.5,973.0,2003
DE91,1.4454545454545453,1979.0,1631.9999999999998,2003
DE92,1.4999999999999978,615.6666666666666,1120.0,2003
DE93,,,,2003
DE94,12.404411764705886,173.37499999999994,1872.5,2003
DEA1,27.848000000000024,148.26666666666665,4407.0,2003
DEA2,52.666666666666785,543.9,4907.0,2003
DEA3,9.148255813953492,58.61918604651162,1417.5,2003
DEA4,2.098850574712644,153.99999999999991,1106.0,2003
DEA5,11.563218390804597,551.5,1792.0,2003
DEB1,5.919811320754716,139.37499999999997,499.5,2003
DEB2,2.1157718120805367,53.74999999999999,200.0,2003
DEB3,118.12605042016806,166.67857142857142,1588.5,2003
DEC0,0.8211009174311928,74.25,1111.0,2003
DED2,1.3345454545454545,1762.0,1184.0,2003
DED4,27.105263157894733,485.0,322.00000000000006,2003
DED5,,,,2003
DEE0,,,,2003
DEF0,3.7366946778711485,824.3333333333334,1101.3333333333333,2003
DEG0,6.060975609756096,214.75,438.74999999999994,2003
DE11,187.04,1328.0,4795.0,2004
DE12,,,,2004
DE13,,,,2004
DE14,46.57603686635946,329.5714285714285,848.7142857142859,2004
DE21,183.60416666666669,1090.9999999999998,1115.5,2004
DE22,0.0,229.66666666666666,1331.3333333333333,2004
DE23,,,,2004
DE24,1.8698742482230726,138.2289958082741,292.6260251503554,2004
DE25,,,,2004
DE26,,,,2004
DE27,54.77450980392156,109.55555555555556,1073.4999999999998,2004
DE30,,,,2004
DE40,155.3846153846154,961.4999999999999,795.0,2004
DE50,,,,2004
DE60,,,,2004
DE71,111.8108108108108,4067.0,4160.999999999999,2004
DE72,185.46666666666667,278.66666666666663,265.6666666666667,2004
DE73,,,,2004
DE80,80.36363636363636,578.0,429.0,2004
DE91,,,,2004
DE92,,,,2004
DE93,,,,2004
DE94,36.933774834437095,3399.0,379.5165562913907,2004
DEA1,0.0,4404.5,8809.0,2004
DEA2,14.172413793103445,1680.0,3552.0,2004
DEA3,,,,2004
DEA4,,,,2004
DEA5,,,,2004
DEB1,14.874999999999996,509.3333333333334,581.3333333333333,2004
DEB2,42.04545454545454,143.43181818181816,66.63636363636364,2004
DEB3,,,,2004
DEC0,156.39162561576353,90.41379310344828,242.4310344827586,2004
DED2,,,,2004
DED4,,,,2004
DED5,,,,2004
DEE0,,,,2004
DEF0,8.32904148783977,975.3333333333334,3791.0,2004
DEG0,,,,2004
DE11,16.314371058745436,210.1145038167939,442.4809160305344,2005
DE12,12.86696319359502,82.44245524296674,266.3017902813299,2005
DE13,8.436510791366905,173.425,250.55,2005
DE14,6.858437286662948,113.13821138211387,193.94308943089425,2005
DE21,21.162394662921347,3385.296875,176.40624999999997,2005
DE22,4.021176470588236,388.75,391.75000000000006,2005
DE23,3.434389140271493,16.863235294117647,1441.0,2005
DE24,8.42106948447006,8.843099583733592,1166.0,2005
DE25,5.610655737704917,496.33333333333326,266.0,2005
DE26,3.20467032967033,120.40909090909092,236.49999999999997,2005
DE27,28.0160041300981,145.61073825503357,129.48322147651007,2005
DE30,,,,2005
DE40,65.18682399213372,66.45575221238938,3623.0,2005
DE50,1.7526315789473683,132.4,809.0,2005
DE60,,,,2005
DE71,59.824999999999974,308.05357142857144,493.25,2005
DE72,14.192307692307695,145.33333333333334,159.5,2005
DE73,2.7464212678936604,400.24999999999994,740.5,2005
DE80,21.978021978021978,50.681318681318686,1606.0,2005
DE91,100.52727272727275,479.4,2387.0,2005
DE92,,,,2005
DE93,44.499999999999986,969.3333333333333,3067.0,2005
DE94,53.45833333333333,1930.5,973.75,2005
DEA1,,,,2005
DEA2,72.5115207373272,6950.999999999999,770.4285714285713,2005
DEA3,,,,2005
DEA4,,,,2005
DEA5,33.00000000000007,2183.0,495.35714285714283,2005
DEB1,9.982014388489217,114.63309352517982,140.52517985611513,2005
DEB2,14.936813186813188,25.19230769230769,47.98717948717949,2005
DEB3,9.408166482736876,124.31893425823743,536.54485259341,2005
DEC0,11.002095238095238,45.902222222222235,75.30666666666666,2005
DED2,63.133333333333326,135.33333333333334,1943.0,2005
DED4,14.392291446673706,33.23231256599789,1429.0,2005
DED5,25.12129380053908,45.00471698113208,1774.9999999999998,2005
DEE0,62.534647887323956,114.35830985915493,4420.0,2005
DEF0,27.132352941176467,1647.0,2027.0,2005
DEG0,9.135016465422611,31.15916575192097,2126.0,2005
DE11,124.82758620689656,60.582417582417584,3636.0,2006
DE12,69.14285714285715,47.629629629629626,2429.0,2006
DE13,3.7364016736401675,852.0,1312.0,2006
DE14,31.745714285714282,73.96,1632.5,2006
DE21,173.8850574712644,177.10344827586206,4923.0,2006
DE22,76.07142857142858,36.705882352941174,1063.0,2006
DE23,64.4,19.40740740740741,966.0,2006
DE24,42.44736842105264,656.1666666666666,153.33333333333334,2006
DE25,80.0263157894737,23.80851063829787,1534.5,2006
DE26,44.58333333333333,20.705882352941174,1072.0,2006
DE27,45.131578947368425,116.0625,1727.0,2006
DE30,,,,2006
DE40,212.47058823529412,3600.0,2153.0,2006
DE50,,,,2006
DE60,,,,2006
DE71,107.03225806451611,110.54545454545455,3327.0,2006
DE72,31.34615384615385,69.0,817.9999999999999,2006
DE73,46.06818181818183,260.8,1013.5,2006
DE80,215.75,1726.0,1074.0,2006
DE91,,,,2006
DE92,,,,2006
DE93,,,,2006
DE94,,,,2006
DEA1,70.84926470588239,562.2941176470588,4061.4999999999995,2006
DEA2,12.832,551.9166666666667,1805.6666666666665,2006
DEA3,195.70000000000002,406.49999999999994,1978.0,2006
DEA4,113.46428571428571,1997.0,1597.5,2006
DEA5,108.70909090909092,779.1999999999999,2799.0,2006
DEB1,56.723809523809514,175.39999999999995,657.0,2006
DEB2,1.3756868131868156,60.7142857142857,125.07142857142858,2006
DEB3,66.90277777777779,60.73972602739727,2413.5,2006
DEC0,33.19047619047618,208.9047619047619,115.38095238095238,2006
DED2,137.7777777777778,93.57142857142857,1243.0,2006
DED4,69.6875,560.0,941.9999999999999,2006
DED5,,,,2006
DEE0,,,,2006
DEF0,,,,2006
DEG0,66.27272727272728,127.22222222222223,1464.0,2006
DE11,71.18965517241378,987.75,584.0,2007
DE12,41.61971830985916,38.56716417910447,3199.0,2007
DE13,43.735849056603776,117.08695652173914,2619.0,2007
DE14,148.6190476190476,842.6666666666666,379.6666666666667,2007
DE21,16.85278994477243,606.3435536088365,1463.9141115977907,2007
DE22,47.54195804195803,85.92307692307692,412.49999999999994,2007
DE23,10.07017543859649,122.94444444444443,300.2777777777778,2007
DE24,3.114678899082569,334.665137614679,402.334862385321,2007
DE25,22.382608695652173,70.6,1242.0,2007
DE26,22.751773049645386,541.6666666666666,444.6666666666667,2007
DE27,419.22222222222223,280.3333333333333,543.6666666666667,2007
DE30,,,,2007
DE40,,,,2007
DE50,,,,2007
DE60,,,,2007
DE71,48.19239766081871,72.68888888888888,3956.0,2007
DE72,12.231802686986162,14.183878083015841,1109.0,2007
DE73,12.0,45.12903225806452,1463.0,2007
DE80,,,,2007
DE91,3.5981087470449173,1149.0,2270.0,2007
DE92,18.86292134831461,234.59101123595505,2063.0,2007
DE93,2008.9999999999998,2938.0,306.6666666666667,2007
DE94,74.67999999999999,1448.3199999999997,583.5,2007
DEA1,39.25490196078431,214.0,7631.0,2007
DEA2,156.71901408450705,102.23943661971832,6445.0,2007
DEA3,24.577319587628875,222.47422680412362,1858.0,2007
DEA4,25.55263157894737,81.6923076923077,2182.0,2007
DEA5,49.693333333333335,64.21212121212122,4077.0,2007
DEB1,30.955555555555556,20.413403880070543,1613.0,2007
DEB2,16.857142857142854,7.17948717948718,596.0,2007
DEB3,55.0,64.92307692307692,3952.9999999999995,2007
DEC0,21.78688524590164,58.89344262295071,1310.2131147540986,2007
DED2,,,,2007
DED4,,,,2007
DED5,,,,2007
DEE0,,,,2007
DEF0,,,,2007
DEG0,14.665079365079366,270.14285714285717,1833.0,2007
DE11,42.12654049295772,359.46478873239437,257.8459507042254,2008
DE12,26.9331983805668,527.7948717948718,169.51282051282053,2008
DE13,26.181678921568626,226.97916666666666,131.16666666666669,2008
DE14,3.677443375736891,147.36363636363637,297.25454545454545,2008
DE21,17.326151730460694,919.4000000000001,210.90781572312628,2008
DE22,,,,2008
DE23,,,,2008
DE24,,,,2008
DE25,13.999999999999993,718.0,1488.0,2008
DE26,1.64484126984127,1129.9999999999998,422.75,2008
DE27,4.104026845637583,868.0,268.0,2008
DE30,,,,2008
DE40,,,,2008
DE50,,,,2008
DE60,,,,2008
DE71,,,,2008
DE72,,,,2008
DE73,,,,2008
DE80,,,,2008
DE91,,,,2008
DE92,,,,2008
DE93,,,,2008
DE94,,,,2008
DEA1,104.49999999999997,214.0,3602.5,2008
DEA2,19.815671641791045,277.9,3161.5,2008
DEA3,26.315217391304348,1211.5,1526.9999999999998,2008
DEA4,,,,2008
DEA5,7.830039525691698,605.5,1877.5,2008
DEB1,0.06481481481481507,579.5,754.4999999999999,2008
DEB2,0.3845864661654136,60.375,329.0,2008
DEB3,5.425373134328357,708.0373134328358,783.0,2008
DEC0,1.5753710290690548,230.22580645161295,150.93548387096772,2008
DED2,15.385167464114826,386.2404306220095,148.27870813397135,2008
DED4,0.0,945.9999999999999,976.0,2008
DED5,7.05699481865285,1242.0,1268.0,2008
DEE0,,,,2008
DEF0,,,,2008
DEG0,,,,2008
DE11,5.0679896352678515,45.03436787858456,1430.7242240910616,2009
DE12,4.641077783426537,240.3571428571428,666.7142857142857,2009
DE13,2.5443886097152433,322.0,847.0,2009
DE14,2.1443573510199982,45.54838709677419,638.2258064516129,2009
DE21,38.92035398230089,425.8230088495575,757.8539823008849,2009
DE22,3.5858453473132355,106.42857142857139,282.8571428571429,2009
DE23,2.4710474124876654,7.206278026905831,395.4484304932735,2009
DE24,22.03976608187134,29.55087719298246,87.3543859649123,2009
DE25,3.372219170557538,9.753845097500689,598.2499999999999,2009
DE26,6.057536592961693,7.72383992525693,450.75,2009
DE27,2.432629502976352,33.348314606741575,670.9887640449438,2009
DE30,,,,2009
DE40,,,,2009
DE50,4.214650766609881,73.875,96.22316865417376,2009
DE60,,,,2009
DE71,25.019072095225205,29.495062897335316,1367.25,2009
DE72,1.5160994057266344,93.53333333333336,185.5666666666666,2009
DE73,2.0921294171638367,71.88412115649382,146.11587884350618,2009
DE80,,,,2009
DE91,13.298076923076925,466.3125,327.75,2009
DE92,9.86287593984962,70.59473684210526,299.72631578947374,2009
DE93,8.531250000000002,1216.5,420.5,2009
DE94,22.633333333333336,449.00000000000006,409.49999999999994,2009
DEA1,6926.999999999999,75.9041095890411,3368.0,2009
DEA2,5968.0,126.02631578947368,2946.0,2009
DEA3,60.736694677871164,161.96358543417367,251.656862745098,2009
DEA4,9.742724867724862,100.75,186.3055555555556,2009
DEA5,13.951994091580504,325.1418020679468,366.85819793205314,2009
DEB1,4.181221461187217,30.18749999999998,377.68750000000006,2009
DEB2,1.732608695652173,6.250000000000005,190.8125,2009
DEB3,6.34541146270425,70.08737720294219,831.9126227970578,2009
DEC0,2.0789534883720933,28.659999999999997,341.59999999999997,2009
DED2,3.748077792853911,256.81818181818187,439.72727272727275,2009
DED4,44.92063492063492,42.611111111111114,789.0,2009
DED5,5.0618556701030935,184.08247422680412,910.9175257731958,2009
DEE0,27.825819672131143,447.109375,613.125,2009
DEF0,,,,2009
DEG0,7.532196969696968,143.12499999999994,218.25000000000003,2009
DE11,32.775401069518665,523.4545454545456,1004.1818181818181,2010
DE12,10.180817610062892,1972.4999999999998,647.25,2010
DE13,0.0,1069.6666666666667,3262.0,2010
DE14,16.253164556962027,625.0000000000001,348.99999999999994,2010
DE21,39.0057739284921,918.2151898734176,367.2784810126583,2010
DE22,47.85801526717557,37.59312977099236,1848.0,2010
DE23,10.10126582278481,530.1250000000001,261.75,2010
DE24,5.29464285714286,356.6607142857142,173.83928571428572,2010
DE25,23.000000000000057,91.84615384615384,1287.0,2010
DE26,13.89855072463768,1633.0,1687.0,2010
DE27,69.99610136452242,309.3086419753086,202.83950617283952,2010
DE30,14.633870349060222,170.4242424242424,4030.0,2010
DE40,10.2076813655761,122.05405405405406,3517.0,2010
DE50,2.7903225806451606,51.38095238095237,211.5,2010
DE60,35.42307692307693,4347.0,1997.0,2010
DE71,19.829787234042556,4772.0,4862.0,2010
DE72,58.17460317460318,48.55555555555555,497.5,2010
DE73,70.97979797979797,95.46969696969698,182.77272727272728,2010
DE80,13.283018867924527,2313.0,598.5,2010
DE91,5.243902439024392,146.0,883.8780487804878,2010
DE92,11.303571428571425,420.0982142857141,202.40178571428598,2010
DE93,21.666666666666668,539.6,272.8333333333333,2010
DE94,64.75,790.0,1303.0,2010
DEA1,100.80357142857142,1585.5089285714284,3124.991071428571,2010
DEA2,145.83333333333331,1236.333333333333,2181.5,2010
DEA3,67.2072800808898,51.48837209302326,1620.255813953488,2010
DEA4,10.268115942028986,297.25,478.49999999999994,2010
DEA5,42.56428571428571,591.0571428571429,583.8571428571428,2010
DEB1,248.25000000000003,1014.9999999999999,341.0,2010
DEB2,,,,2010
DEB3,,,,2010
DEC0,,,,2010
DED2,17.30753968253968,66.16666666666667,2041.9999999999998,2010
DED4,25.490196078431374,177.44444444444446,659.2549019607844,2010
DED5,5.012711864406779,352.4194915254238,1245.5805084745764,2010
DEE0,1.2740277156906568,676.9485918641037,3694.0514081358965,2010
DEF0,,,,2010
DEG0,31.129814550641942,87.91868758915837,865.9757489300997,2010
DE11,13.05755395683453,2008.9999999999998,1013.6666666666666,2011
DE12,14.018749999999999,1498.5,3158.0,2011
DE13,18.42222222222222,785.0,782.0,2011
DE14,22.28942486085343,958.5,159.81818181818184,2011
DE21,49.86927223719676,318.0727762803235,1206.731805929919,2011
DE22,45.45192307692308,87.3076923076923,311.4230769230769,2011
DE23,40.499999999999986,67.99999999999999,380.00000000000006,2011
DE24,14.000000000000012,66.07142857142857,481.0,2011
DE25,15.086511627906983,65.03999999999999,336.99999999999994,2011
DE26,,,,2011
DE27,17.254237288135595,54.333333333333336,495.0,2011
DE30,18.149068322981364,2658.0,2894.0,2011
DE40,52.39310344827587,1044.905172413793,260.59999999999997,2011
DE50,53.125,90.5227272727273,102.24999999999999,2011
DE60,,,,2011
DE71,56.22413793103448,553.7413793103449,753.0172413793103,2011
DE72,7.426948051948051,138.9529220779221,129.85714285714286,2011
DE73,54.35454545454545,35.8939393939394,296.6666666666667,2011
DE80,,,,2011
DE91,8.17269076305221,534.0,1741.9999999999998,2011
DE92,16.8263888888889,75.78472222222223,895.2152777777777,2011
DE93,174.24025974025975,537.7499999999999,272.42857142857144,2011
DE94,352.13888888888886,433.625,756.7916666666666,2011
DEA1,45.22857142857142,86.72649572649573,3903.5,2011
DEA2,40.4921875,117.65,3182.6749999999997,2011
DEA3,11.292682926829269,66.33333333333343,1088.333333333333,2011
DEA4,9.885350318471337,46.5945945945946,1017.2027027027026,2011
DEA5,21.40789473684211,296.25,1021.2499999999999,2011
DEB1,7.779310344827586,35.849999999999994,776.5,2011
DEB2,2.993288590604027,11.018518518518517,309.0,2011
DEB3,23.599999999999998,140.88888888888889,1887.5,2011
DEC0,7.885714285714285,51.269230769230774,691.9999999999999,2011
DED2,68.25813692480362,140.91358024691357,169.55555555555557,2011
DED4,12.803199404761909,94.51785714285712,113.125,2011
DED5,7.014540418902544,86.05660377358491,298.20754716981133,2011
DEE0,30.531956735496557,2024.777777777778,421.4444444444445,2011
DEF0,98.92857142857147,1397.9999999999998,781.25,2011
DEG0,13.943551797040168,281.9473572938689,179.31585623678646,2011
DE11,23.71027131782946,624.625,443.125,2012
DE12,8.316037735849063,442.24999999999994,320.75000000000006,2012
DE13,243.75,302.0,707.0,2012
DE14,19.567593028732926,38.13989637305699,609.5,2012
DE21,10.791353383458645,314.00000000000006,1168.0,2012
DE22,3.6621711621711626,134.42857142857144,117.9285714285714,2012
DE23,4.086295283663705,52.81373889268627,137.43626110731375,2012
DE24,2.7503075030750304,168.8708487084871,174.12915129151293,2012
DE25,13.00526932084309,20.2248243559719,513.387587822014,2012
DE26,4.17317792646953,74.6252967839413,258.04136988272535,2012
DE27,16.027764537654914,19.69101525262154,661.0,2012
DE30,61.64049889948643,535.8620689655173,480.89655172413785,2012
DE40,158.24761904761905,117.0,516.2857142857142,2012
DE50,5.397814207650273,18.778688524590166,265.3333333333333,2012
DE60,138.99206349206352,262.2857142857143,1373.5,2012
DE71,327.2777777777778,457.16666666666663,386.30555555555554,2012
DE72,87.1,208.25,202.0,2012
DE73,134.875,1049.0,338.3333333333333,2012
DE80,157.95238095238096,464.0,150.28571428571428,2012
DE91,83.88888888888889,610.6666666666666,1311.5,2012
DE92,8.140298507462685,313.4,856.0,2012
DE93,78.3541666666667,96.6904761904762,801.6666666666666,2012
DE94,20.202668468164163,97.09677419354838,1266.6021505376343,2012
DEA1,103.40845070422532,656.3286384976527,819.1424100156494,2012
DEA2,,,,2012
DEA3,41.121126760563385,104.05352112676054,329.8,2012
DEA4,12.021276595744684,1664.0,262.82978723404256,2012
DEA5,22.750000000000046,3303.0,759.4999999999999,2012
DEB1,602.0,1162.0,102.8095238095238,2012
DEB2,,,,2012
DEB3,35.93636363636363,1053.7727272727273,1049.6136363636363,2012
DEC0,,,,2012
DED2,128.59799999999998,150.22,229.4,2012
DED4,,,,2012
DED5,68.11111111111111,399.6666666666667,418.1111111111111,2012
DEE0,78.68749999999997,418.33333333333337,1400.0,2012
DEF0,214.43928571428575,337.59999999999997,150.32500000000002,2012
DEG0,,,,2012
DE11,22.970044444444447,29.014044444444444,8983.0,2013
DE12,16.422598763094786,14.316388994067903,6047.0,2013
DE13,8.25,4540.285714285714,480.7142857142857,2013
DE14,10.132913324032089,6.0878749564004195,4001.0000000000005,2013
DE21,0.0,1067.0816326530612,1034.1836734693877,2013
DE22,5.305473856209151,141.50588235294114,292.4,2013
DE23,6.858208955223881,337.6723880597015,200.21268656716418,2013
DE24,10.20238095238095,225.75000000000003,197.5,2013
DE25,9.150375939849624,13.916869638885947,3763.0,2013
DE26,8.022222222222222,8.866666666666665,2707.0,2013
DE27,10.34389415963095,7.887892766994517,4190.0,2013
DE30,1171.0,214.25,3461.0,2013
DE40,584.4,201.63636363636365,2894.0,2013
DE50,,,,2013
DE60,,,,2013
DE71,20.853658536585364,103.0909090909091,8323.0,2013
DE72,11.63894324853229,39.909001956947165,2003.0,2013
DE73,7.591240875912408,236.30291970802918,2533.9999999999995,2013
DE80,625.4999999999999,53.0,1438.0,2013
DE91,734.6666666666667,0.0,3584.0,2013
DE92,,,,2013
DE93,,,,2013
DE94,94.6829268292683,3467.0,5213.0,2013
DEA1,51.688,977.3333333333328,5105.333333333334,2013
DEA2,44.70338983050848,788.8888888888889,7029.0,2013
DEA3,143.5,2803.9999999999995,2234.5,2013
DEA4,,,,2013
DEA5,18.72,4472.0,7061.0,2013
DEB1,9.124032471210118,36.992070983575616,2809.0,2013
DEB2,3.616,5.7445,1139.9999999999998,2013
DEB3,27.857142857142858,34.81467181467181,5820.0,2013
DEC0,9.547008547008547,7.720797720797721,2263.0,2013
DED2,91.21212121212125,423.33333333333326,748.5,2013
DED4,154.29999999999998,34.375,1503.625,2013
DED5,228.0,38.00000000000001,1588.0,2013
DEE0,1017.25,266.14285714285705,4094.0,2013
DEF0,79.8125,1511.5,668.6666666666666,2013
DEG0,13.250000000000002,1325.25,816.5,2013
DE11,91.13690476190476,183.64285714285714,1907.1785714285716,2014
DE12,39.36507936507936,320.66666666666663,1271.6666666666667,2014
DE13,20.862499999999997,799.5,675.6666666666667,2014
DE14,,,,2014
DE21,22.892215568862273,1881.6666666666665,2532.0,2014
DE22,52.13020833333332,115.58333333333333,592.2083333333334,2014
DE23,19.711538461538463,123.12500000000001,350.25,2014
DE24,7.153205661948376,26.199417152373023,272.0,2014
DE25,16.944444444444432,114.50000000000004,380.24999999999994,2014
DE26,5.862975391498881,181.41666666666663,305.5,2014
DE27,1320.0,2178.0,973.0,2014
DE30,,,,2014
DE40,45.27894736842106,560.2,700.25,2014
DE50,228.0,518.0,382.5,2014
DE60,,,,2014
DE71,48.17058823529412,389.20000000000005,603.9,2014
DE72,7.136363636363634,109.35714285714286,242.25,2014
DE73,6.9573170731707314,942.9999999999999,355.5,2014
DE80,46.06666666666666,272.8,243.33333333333331,2014
DE91,,,,2014
DE92,,,,2014
DE93,906.6666666666667,2119.0,1496.5,2014
DE94,62.71666666666667,1877.0,722.5,2014
DEA1,,,,2014
DEA2,,,,2014
DEA3,,,,2014
DEA4,,,,2014
DEA5,,,,2014
DEB1,11.193103448275863,1028.0,331.75,2014
DEB2,,,,2014
DEB3,26.647058823529413,271.19607843137254,1677.9019607843136,2014
DEC0,1479.0,486.5,176.0,2014
DED2,,,,2014
DED4,6.572254335260117,477.49999999999994,220.37499999999997,2014
DED5,,,,2014
DEE0,,,,2014
DEF0,,,,2014
DEG0,138.75,536.0,464.75,2014
DE11,,,,2015
DE12,,,,2015
DE13,,,,2015
DE14,,,,2015
DE21,,,,2015
DE22,15.513207547169811,337.90000000000003,174.70000000000002,2015
DE23,,,,2015
DE24,,,,2015
DE25,,,,2015
DE26,,,,2015
DE27,,,,2015
DE30,5.563253012048192,1768.5,417.25,2015
DE40,8.58957887223412,712.5467523197716,168.90649536045677,2015
DE50,693.9999999999999,352.0,91.125,2015
DE60,,,,2015
DE71,,,,2015
DE72,1181.0,1193.0,216.16666666666666,2015
DE73,,,,2015
DE80,15.307142857142857,181.75,130.0625,2015
DE91,,,,2015
DE92,,,,2015
DE93,,,,2015
DE94,,,,2015
DEA1,1760.75,2358.0,1317.2857142857142,2015
DEA2,1951.952380952381,993.1428571428571,561.2222222222223,2015
DEA3,,,,2015
DEA4,2295.0,2326.0,297.875,2015
DEA5,,,,2015
DEB1,1619.0,822.5,186.29999999999998,2015
DEB2,,,,2015
DEB3,,,,2015
DEC0,1494.0,371.0,113.83333333333334,2015
DED2,3.7394578313253013,955.5,141.24999999999997,2015
DED4,,,,2015
DED5,7.109452736318408,1520.0,271.66666666666663,2015
DEE0,16.619047619047624,4415.0,787.3333333333334,2015
DEF0,,,,2015
DEG0,,,,2015
DE11,701.8,3273.394736842105,225.21052631578948,2016
DE12,341.43333333333334,531.4,4652.999999999999,2016
DE13,30.439393939393938,445.8,3577.0,2016
DE14,2.0738724727838256,719.5,688.4999999999999,2016
DE21,74.23655913978494,1355.4745762711864,324.54237288135596,2016
DE22,42.82857142857143,88.99999999999997,670.0,2016
DE23,34.71052631578947,90.82142857142857,628.4999999999999,2016
DE24,5.87292817679558,754.0,463.99999999999994,2016
DE25,222.08333333333334,269.33333333333337,896.5,2016
DE26,,,,2016
DE27,11.380405663987753,852.9743589743591,199.53846153846155,2016
DE30,,,,2016
DE40,11.712112346401403,458.0803588843378,164.27677004095966,2016
DE50,51.46153846153847,75.66666666666666,317.5,2016
DE60,,,,2016
DE71,269.0,2604.1399999999994,274.35999999999996,2016
DE72,110.47916666666666,280.16666666666674,464.3333333333333,2016
DE73,238.83333333333334,417.3333333333333,582.0,2016
DE80,,,,2016
DE91,1071.4999999999998,282.3333333333333,1027.5,2016
DE92,426.99999999999994,203.49999999999997,1010.4999999999999,2016
DE93,311.85714285714283,419.5357142857143,1061.5,2016
DE94,627.4999999999999,1701.0,1425.0,2016
DEA1,,,,2016
DEA2,,,,2016
DEA3,81.36111111111111,2410.0,2225.0,2016
DEA4,304.4285714285714,2275.0,1817.0,2016
DEA5,,,,2016
DEB1,,,,2016
DEB2,567.9999999999999,198.5,412.99999999999994,2016
DEB3,,,,2016
DEC0,31.60526315789474,404.33333333333337,1796.0,2016
DED2,15.224824355971895,443.2857142857142,153.57142857142858,2016
DED4,6.450980392156864,173.8333333333334,586.3333333333333,2016
DED5,6.436893203883495,141.53333333333336,596.6666666666666,2016
DEE0,120.19999999999995,681.4000000000002,986.3999999999999,2016
DEF0,58.92682926829268,2961.0,1524.9999999999998,2016
DEG0,27.788461538461522,307.75,689.0833333333334,2016
DE11,,,,2017
DE12,,,,2017
DE13,,,,2017
DE14,,,,2017
DE21,19.7444089456869,3642.0,3003.0,2017
DE22,,,,2017
DE23,,,,2017
DE24,,,,2017
DE25,,,,2017
DE26,,,,2017
DE27,,,,2017
DE30,,,,2017
DE40,17.322834645669293,1013.9999999999999,502.50000000000006,2017
DE50,22.740000000000002,93.44999999999999,134.75,2017
DE60,50.74,333.75,1210.4999999999998,2017
DE71,,,,2017
DE72,,,,2017
DE73,9.63483146067416,311.0674157303371,123.86516853932584,2017
DE80,31.0,567.9999999999999,134.8,2017
DE91,46.52000000000001,143.2276923076923,1178.0,2017
DE92,45.16666666666667,110.22222222222223,1105.0,2017
DE93,69.29958677685951,199.0909090909091,1116.409090909091,2017
DE94,67.875,834.75,1449.125,2017
DEA1,392.7647058823529,2251.9999999999995,646.1333333333333,2017
DEA2,158.1440693598967,237.2304002951485,585.7063272458956,2017
DEA3,208.10909090909092,730.8000000000001,224.53333333333333,2017
DEA4,13.521212121212113,462.20000000000016,461.1999999999998,2017
DEA5,9.530660377358492,628.8947368421054,414.8421052631578,2017
DEB1,20.818181818181802,229.0,74.54545454545455,2017
DEB2,1.279340082489689,105.4308211473566,42.074428196475445,2017
DEB3,,,,2017
DEC0,168.3333333333333,312.0,75.5,2017
DED2,36.12962962962963,455.5,863.5,2017
DED4,,,,2017
DED5,30.211538461538463,1583.0,741.5,2017
DEE0,69.0,587.4285714285714,2182.0,2017
DEF0,69.26190476190477,570.3333333333334,1195.3333333333333,2017
DEG0,26.270270270270274,89.71562867215043,981.0,2017
DE11,,,,2018
DE12,12.472826086956527,471.25,333.0,2018
DE13,58.05128205128206,2052.0,204.57142857142856,2018
DE14,28.45833333333334,296.00000000000006,300.99999999999994,2018
DE21,14.951036682615623,510.29999999999995,691.9555555555556,2018
DE22,,,,2018
DE23,90.35714285714286,150.625,332.15,2018
DE24,1.704869565217391,52.400000000000006,304.84,2018
DE25,,,,2018
DE26,,,,2018
DE27,0.0,666.5,646.0,2018
DE30,,,,2018
DE40,54.22807017543859,342.33333333333337,633.3333333333333,2018
DE50,,,,2018
DE60,18.58536585365854,369.7142857142857,1651.9999999999998,2018
DE71,,,,2018
DE72,,,,2018
DE73,,,,2018
DE80,4.562499999999999,1150.0,550.0,2018
DE91,61.94444444444445,2472.0,579.6666666666667,2018
DE92,,,,2018
DE93,0.4268292682926819,930.5,1758.0,2018
DE94,,,,2018
DEA1,,,,2018
DEA2,,,,2018
DEA3,,,,2018
DEA4,,,,2018
DEA5,,,,2018
DEB1,,,,2018
DEB2,,,,2018
DEB3,,,,2018
DEC0,,,,2018
DED2,97.68813559322035,132.94915254237287,176.30508474576268,2018
DED4,8.292452830188678,268.7075471698113,135.5,2018
DED5,1.691489361702127,398.2765957446808,316.1702127659575,2018
DEE0,,,,2018
DEF0,8.987146529562983,1838.2519280205654,1032.7480719794346,2018
DEG0,23.675675675675663,1032.0,536.1621621621622,2018
DE11,0.0,334.16666666666663,1208.2222222222222,2019
DE12,52.48161764705882,163.41176470588235,1366.5882352941176,2019
DE13,9.871651785714285,79.64285714285714,730.5,2019
DE14,0.9085401891252944,50.97222222222223,578.25,2019
DE21,4.936834192439862,562.8,256.7916666666667,2019
DE22,0.0,442.3333333333333,875.6666666666667,2019
DE23,0.0,1122.0,1127.9999999999998,2019
DE24,7.306122448979593,859.0,127.71428571428571,2019
DE25,10.931612318840578,378.71875000000006,75.125,2019
DE26,2.134817813765182,65.89473684210526,482.62172739541154,2019
DE27,1.2397129186602875,96.6,584.85,2019
DE30,,,,2019
DE40,248.09821428571425,552.5714285714286,1158.2142857142858,2019
DE50,,,,2019
DE60,,,,2019
DE71,12.925438596491228,933.6153846153846,633.0769230769231,2019
DE72,3.3840304182509504,897.0,905.0,2019
DE73,,,,2019
DE80,,,,2019
DE91,,,,2019
DE92,,,,2019
DE93,,,,2019
DE94,,,,2019
DEA1,,,,2019
DEA2,0.0,8058.999999999999,816.5,2019
DEA3,,,,2019
DEA4,,,,2019
DEA5,,,,2019
DEB1,1.9141201264488943,296.2692307692307,105.92307692307695,2019
DEB2,2.5602040816326532,89.28571428571428,135.85714285714283,2019
DEB3,130.71153846153848,888.25,374.5,2019
DEC0,12.66479250334672,74.1686746987952,147.95180722891564,2019
DED2,257.12499999999994,189.85714285714286,865.5,2019
DED4,,,,2019
DED5,,,,2019
DEE0,,,,2019
DEF0,,,,2019
DEG0,,,,2019
